source_idx,target_idx,weight,source_type,target_type
0,23,0.270000,DA1_lPN (TAI),KCg-m #4
0,30,0.320000,DA1_lPN (TAI),KCg-m #11
0,31,0.850000,DA1_lPN (TAI),KCg-m #12
0,32,0.390000,DA1_lPN (TAI),KCg-m #13
0,44,0.540000,DA1_lPN (TAI),KCa'b'-m #3
0,52,0.300000,DA1_lPN (TAI),KCab-s #1
0,55,0.890000,DA1_lPN (TAI),KCab-s #4
0,56,0.280000,DA1_lPN (TAI),KCab-s #5
0,62,0.480000,DA1_lPN (TAI),KCab-s #11
0,66,0.490000,DA1_lPN (TAI),KCab-m #2
0,73,0.912692,DA1_lPN (TAI),MBON-alpha3
0,74,-0.912692,DA1_lPN (TAI),MBON-gamma5beta'2a
1,20,0.710000,DM1_lPN (AFPR),KCg-m #1
1,21,0.670000,DM1_lPN (AFPR),KCg-m #2
1,22,0.710000,DM1_lPN (AFPR),KCg-m #3
1,24,0.720000,DM1_lPN (AFPR),KCg-m #5
1,39,0.620000,DM1_lPN (AFPR),KCa'b'-ap2 #1
1,43,0.840000,DM1_lPN (AFPR),KCa'b'-m #2
1,45,0.890000,DM1_lPN (AFPR),KCa'b'-m #4
1,48,0.740000,DM1_lPN (AFPR),KCab-c #3
1,51,0.530000,DM1_lPN (AFPR),KCab-c #6
1,54,0.770000,DM1_lPN (AFPR),KCab-s #3
1,58,0.300000,DM1_lPN (AFPR),KCab-s #7
1,62,0.550000,DM1_lPN (AFPR),KCab-s #11
1,64,0.790000,DM1_lPN (AFPR),KCab-p #2
1,66,0.510000,DM1_lPN (AFPR),KCab-m #2
1,73,0.492692,DM1_lPN (AFPR),MBON-alpha3
1,74,-0.492692,DM1_lPN (AFPR),MBON-gamma5beta'2a
2,33,0.500000,VM7d_adPN (SED),KCg-m #14
2,35,0.390000,VM7d_adPN (SED),KCg-d #2
2,39,0.420000,VM7d_adPN (SED),KCa'b'-ap2 #1
2,47,0.590000,VM7d_adPN (SED),KCab-c #2
2,60,0.280000,VM7d_adPN (SED),KCab-s #9
2,67,0.610000,VM7d_adPN (SED),KCab-m #3
2,73,0.508846,VM7d_adPN (SED),MBON-alpha3
2,74,-0.508846,VM7d_adPN (SED),MBON-gamma5beta'2a
3,26,0.840000,DC4_adPN (VSD),KCg-m #7
3,28,0.440000,DC4_adPN (VSD),KCg-m #9
3,36,0.330000,DC4_adPN (VSD),KCg-d #3
3,42,0.410000,DC4_adPN (VSD),KCa'b'-m #1
3,49,0.780000,DC4_adPN (VSD),KCab-c #4
3,51,0.200000,DC4_adPN (VSD),KCab-c #6
3,57,0.680000,DC4_adPN (VSD),KCab-s #6
3,61,0.310000,DC4_adPN (VSD),KCab-s #10
3,63,0.780000,DC4_adPN (VSD),KCab-p #1
3,66,0.490000,DC4_adPN (VSD),KCab-m #2
3,73,0.775385,DC4_adPN (VSD),MBON-alpha3
3,74,-0.775385,DC4_adPN (VSD),MBON-gamma5beta'2a
4,21,0.880000,VA1v_adPN (DGW),KCg-m #2
4,24,0.200000,VA1v_adPN (DGW),KCg-m #5
4,29,0.850000,VA1v_adPN (DGW),KCg-m #10
4,30,0.400000,VA1v_adPN (DGW),KCg-m #11
4,36,0.250000,VA1v_adPN (DGW),KCg-d #3
4,37,0.790000,VA1v_adPN (DGW),KCa'b'-ap1 #1
4,38,0.890000,VA1v_adPN (DGW),KCa'b'-ap1 #2
4,39,0.430000,VA1v_adPN (DGW),KCa'b'-ap2 #1
4,40,0.400000,VA1v_adPN (DGW),KCa'b'-ap2 #2
4,41,0.840000,VA1v_adPN (DGW),KCa'b'-ap2 #3
4,47,0.480000,VA1v_adPN (DGW),KCab-c #2
4,62,0.860000,VA1v_adPN (DGW),KCab-s #11
4,67,0.340000,VA1v_adPN (DGW),KCab-m #3
4,73,0.533077,VA1v_adPN (DGW),MBON-alpha3
4,74,-0.533077,VA1v_adPN (DGW),MBON-gamma5beta'2a
5,21,0.530000,DL5_adPN (LCS),KCg-m #2
5,36,0.900000,DL5_adPN (LCS),KCg-d #3
5,48,0.380000,DL5_adPN (LCS),KCab-c #3
5,54,0.620000,DL5_adPN (LCS),KCab-s #3
5,61,0.320000,DL5_adPN (LCS),KCab-s #10
5,68,0.660000,DL5_adPN (LCS),KCab-m #4
5,73,0.411923,DL5_adPN (LCS),MBON-alpha3
5,74,-0.411923,DL5_adPN (LCS),MBON-gamma5beta'2a
6,22,0.570000,DM2_lPN (BAR),KCg-m #3
6,26,0.440000,DM2_lPN (BAR),KCg-m #7
6,31,0.640000,DM2_lPN (BAR),KCg-m #12
6,41,0.350000,DM2_lPN (BAR),KCa'b'-ap2 #3
6,45,0.440000,DM2_lPN (BAR),KCa'b'-m #4
6,59,0.710000,DM2_lPN (BAR),KCab-s #8
6,62,0.700000,DM2_lPN (BAR),KCab-s #11
6,68,0.820000,DM2_lPN (BAR),KCab-m #4
6,73,0.420000,DM2_lPN (BAR),MBON-alpha3
6,74,-0.420000,DM2_lPN (BAR),MBON-gamma5beta'2a
7,27,0.260000,DL1_adPN (HRDD),KCg-m #8
7,29,0.370000,DL1_adPN (HRDD),KCg-m #10
7,30,0.610000,DL1_adPN (HRDD),KCg-m #11
7,51,0.880000,DL1_adPN (HRDD),KCab-c #6
7,53,0.860000,DL1_adPN (HRDD),KCab-s #2
7,54,0.740000,DL1_adPN (HRDD),KCab-s #3
7,57,0.350000,DL1_adPN (HRDD),KCab-s #6
7,61,0.300000,DL1_adPN (HRDD),KCab-s #10
7,73,0.476538,DL1_adPN (HRDD),MBON-alpha3
7,74,-0.476538,DL1_adPN (HRDD),MBON-gamma5beta'2a
8,28,0.360000,VC1_lPN (SHRP),KCg-m #9
8,29,0.190000,VC1_lPN (SHRP),KCg-m #10
8,40,0.830000,VC1_lPN (SHRP),KCa'b'-ap2 #2
8,43,0.540000,VC1_lPN (SHRP),KCa'b'-m #2
8,48,0.780000,VC1_lPN (SHRP),KCab-c #3
8,56,0.750000,VC1_lPN (SHRP),KCab-s #5
8,61,0.590000,VC1_lPN (SHRP),KCab-s #10
8,63,0.610000,VC1_lPN (SHRP),KCab-p #1
8,69,0.510000,VC1_lPN (SHRP),KCab-m #5
8,73,0.807692,VC1_lPN (SHRP),MBON-alpha3
8,74,-0.807692,VC1_lPN (SHRP),MBON-gamma5beta'2a
9,20,0.250000,DM4_adPN (GCDV),KCg-m #1
9,23,0.630000,DM4_adPN (GCDV),KCg-m #4
9,27,0.650000,DM4_adPN (GCDV),KCg-m #8
9,29,0.220000,DM4_adPN (GCDV),KCg-m #10
9,43,0.840000,DM4_adPN (GCDV),KCa'b'-m #2
9,50,0.260000,DM4_adPN (GCDV),KCab-c #5
9,52,0.750000,DM4_adPN (GCDV),KCab-s #1
9,56,0.630000,DM4_adPN (GCDV),KCab-s #5
9,67,0.580000,DM4_adPN (GCDV),KCab-m #3
9,68,0.430000,DM4_adPN (GCDV),KCab-m #4
9,69,0.690000,DM4_adPN (GCDV),KCab-m #5
9,73,0.710769,DM4_adPN (GCDV),MBON-alpha3
9,74,-0.710769,DM4_adPN (GCDV),MBON-gamma5beta'2a
10,23,0.810000,VM3_adPN (HSI),KCg-m #4
10,25,0.360000,VM3_adPN (HSI),KCg-m #6
10,32,0.390000,VM3_adPN (HSI),KCg-m #13
10,36,0.500000,VM3_adPN (HSI),KCg-d #3
10,37,0.660000,VM3_adPN (HSI),KCa'b'-ap1 #1
10,39,0.440000,VM3_adPN (HSI),KCa'b'-ap2 #1
10,42,0.450000,VM3_adPN (HSI),KCa'b'-m #1
10,46,0.380000,VM3_adPN (HSI),KCab-c #1
10,57,0.810000,VM3_adPN (HSI),KCab-s #6
10,63,0.270000,VM3_adPN (HSI),KCab-p #1
10,64,0.380000,VM3_adPN (HSI),KCab-p #2
10,67,0.590000,VM3_adPN (HSI),KCab-m #3
10,73,0.048462,VM3_adPN (HSI),MBON-alpha3
10,74,-0.048462,VM3_adPN (HSI),MBON-gamma5beta'2a
10,75,0.040385,VM3_adPN (HSI),MBON-gamma3
11,23,0.210000,DC1_adPN (RSV),KCg-m #4
11,25,0.530000,DC1_adPN (RSV),KCg-m #6
11,26,0.770000,DC1_adPN (RSV),KCg-m #7
11,28,0.760000,DC1_adPN (RSV),KCg-m #9
11,35,0.550000,DC1_adPN (RSV),KCg-d #2
11,48,0.750000,DC1_adPN (RSV),KCab-c #3
11,66,0.270000,DC1_adPN (RSV),KCab-m #2
11,73,0.315000,DC1_adPN (RSV),MBON-alpha3
11,74,-0.315000,DC1_adPN (RSV),MBON-gamma5beta'2a
11,75,0.282692,DC1_adPN (RSV),MBON-gamma3
12,29,0.530000,DM5_lPN (VSS),KCg-m #10
12,32,0.730000,DM5_lPN (VSS),KCg-m #13
12,40,0.690000,DM5_lPN (VSS),KCa'b'-ap2 #2
12,42,0.890000,DM5_lPN (VSS),KCa'b'-m #1
12,49,0.740000,DM5_lPN (VSS),KCab-c #4
12,56,0.580000,DM5_lPN (VSS),KCab-s #5
12,63,0.370000,DM5_lPN (VSS),KCab-p #1
12,68,0.520000,DM5_lPN (VSS),KCab-m #4
12,73,0.258462,DM5_lPN (VSS),MBON-alpha3
12,74,-0.258462,DM5_lPN (VSS),MBON-gamma5beta'2a
12,75,0.226154,DM5_lPN (VSS),MBON-gamma3
13,20,0.820000,DL3_lPN (ERC),KCg-m #1
13,22,0.390000,DL3_lPN (ERC),KCg-m #3
13,28,0.830000,DL3_lPN (ERC),KCg-m #9
13,29,0.760000,DL3_lPN (ERC),KCg-m #10
13,30,0.520000,DL3_lPN (ERC),KCg-m #11
13,32,0.270000,DL3_lPN (ERC),KCg-m #13
13,39,0.290000,DL3_lPN (ERC),KCa'b'-ap2 #1
13,40,0.680000,DL3_lPN (ERC),KCa'b'-ap2 #2
13,44,0.480000,DL3_lPN (ERC),KCa'b'-m #3
13,46,0.230000,DL3_lPN (ERC),KCab-c #1
13,49,0.190000,DL3_lPN (ERC),KCab-c #4
13,60,0.690000,DL3_lPN (ERC),KCab-s #9
13,73,0.048462,DL3_lPN (ERC),MBON-alpha3
13,74,-0.048462,DL3_lPN (ERC),MBON-gamma5beta'2a
13,75,0.040385,DL3_lPN (ERC),MBON-gamma3
14,20,0.270000,VA2_adPN (MCPE),KCg-m #1
14,30,0.350000,VA2_adPN (MCPE),KCg-m #11
14,34,0.510000,VA2_adPN (MCPE),KCg-d #1
14,37,0.220000,VA2_adPN (MCPE),KCa'b'-ap1 #1
14,39,0.270000,VA2_adPN (MCPE),KCa'b'-ap2 #1
14,47,0.190000,VA2_adPN (MCPE),KCab-c #2
14,48,0.720000,VA2_adPN (MCPE),KCab-c #3
14,49,0.330000,VA2_adPN (MCPE),KCab-c #4
14,50,0.180000,VA2_adPN (MCPE),KCab-c #5
14,52,0.500000,VA2_adPN (MCPE),KCab-s #1
14,58,0.770000,VA2_adPN (MCPE),KCab-s #7
14,67,0.190000,VA2_adPN (MCPE),KCab-m #3
14,73,0.492692,VA2_adPN (MCPE),MBON-alpha3
14,74,-0.492692,VA2_adPN (MCPE),MBON-gamma5beta'2a
15,22,0.600000,VA1d_adPN (MPS),KCg-m #3
15,26,0.490000,VA1d_adPN (MPS),KCg-m #7
15,28,0.880000,VA1d_adPN (MPS),KCg-m #9
15,36,0.760000,VA1d_adPN (MPS),KCg-d #3
15,40,0.590000,VA1d_adPN (MPS),KCa'b'-ap2 #2
15,41,0.800000,VA1d_adPN (MPS),KCa'b'-ap2 #3
15,44,0.520000,VA1d_adPN (MPS),KCa'b'-m #3
15,50,0.360000,VA1d_adPN (MPS),KCab-c #5
15,52,0.830000,VA1d_adPN (MPS),KCab-s #1
15,73,0.403846,VA1d_adPN (MPS),MBON-alpha3
15,74,-0.403846,VA1d_adPN (MPS),MBON-gamma5beta'2a
16,25,0.470000,DM3_adPN (TWRS),KCg-m #6
16,27,0.540000,DM3_adPN (TWRS),KCg-m #8
16,31,0.320000,DM3_adPN (TWRS),KCg-m #12
16,38,0.660000,DM3_adPN (TWRS),KCa'b'-ap1 #2
16,39,0.350000,DM3_adPN (TWRS),KCa'b'-ap2 #1
16,41,0.830000,DM3_adPN (TWRS),KCa'b'-ap2 #3
16,43,0.540000,DM3_adPN (TWRS),KCa'b'-m #2
16,50,0.550000,DM3_adPN (TWRS),KCab-c #5
16,56,0.470000,DM3_adPN (TWRS),KCab-s #5
16,57,0.340000,DM3_adPN (TWRS),KCab-s #6
16,58,0.750000,DM3_adPN (TWRS),KCab-s #7
16,66,0.310000,DM3_adPN (TWRS),KCab-m #2
16,73,0.549231,DM3_adPN (TWRS),MBON-alpha3
16,74,-0.549231,DM3_adPN (TWRS),MBON-gamma5beta'2a
17,21,0.850000,DC2_adPN (DSKD),KCg-m #2
17,25,0.570000,DC2_adPN (DSKD),KCg-m #6
17,33,0.860000,DC2_adPN (DSKD),KCg-m #14
17,35,0.660000,DC2_adPN (DSKD),KCg-d #2
17,39,0.300000,DC2_adPN (DSKD),KCa'b'-ap2 #1
17,41,0.460000,DC2_adPN (DSKD),KCa'b'-ap2 #3
17,47,0.250000,DC2_adPN (DSKD),KCab-c #2
17,48,0.810000,DC2_adPN (DSKD),KCab-c #3
17,53,0.400000,DC2_adPN (DSKD),KCab-s #2
17,56,0.530000,DC2_adPN (DSKD),KCab-s #5
17,66,0.320000,DC2_adPN (DSKD),KCab-m #2
17,68,0.200000,DC2_adPN (DSKD),KCab-m #4
17,73,0.355385,DC2_adPN (DSKD),MBON-alpha3
17,74,-0.355385,DC2_adPN (DSKD),MBON-gamma5beta'2a
18,34,0.660000,D_adPN (NIV),KCg-d #1
18,43,0.520000,D_adPN (NIV),KCa'b'-m #2
18,44,0.330000,D_adPN (NIV),KCa'b'-m #3
18,45,0.890000,D_adPN (NIV),KCa'b'-m #4
18,51,0.580000,D_adPN (NIV),KCab-c #6
18,55,0.660000,D_adPN (NIV),KCab-s #4
18,62,0.320000,D_adPN (NIV),KCab-s #11
18,64,0.810000,D_adPN (NIV),KCab-p #2
18,66,0.400000,D_adPN (NIV),KCab-m #2
18,68,0.600000,D_adPN (NIV),KCab-m #4
18,69,0.580000,D_adPN (NIV),KCab-m #5
18,73,0.492692,D_adPN (NIV),MBON-alpha3
18,74,-0.492692,D_adPN (NIV),MBON-gamma5beta'2a
19,21,0.650000,VC2_lPN (SMD),KCg-m #2
19,26,0.570000,VC2_lPN (SMD),KCg-m #7
19,31,0.630000,VC2_lPN (SMD),KCg-m #12
19,39,0.330000,VC2_lPN (SMD),KCa'b'-ap2 #1
19,40,0.850000,VC2_lPN (SMD),KCa'b'-ap2 #2
19,44,0.850000,VC2_lPN (SMD),KCa'b'-m #3
19,55,0.890000,VC2_lPN (SMD),KCab-s #4
19,58,0.250000,VC2_lPN (SMD),KCab-s #7
19,62,0.470000,VC2_lPN (SMD),KCab-s #11
19,64,0.430000,VC2_lPN (SMD),KCab-p #2
19,68,0.540000,VC2_lPN (SMD),KCab-m #4
19,69,0.570000,VC2_lPN (SMD),KCab-m #5
19,73,0.549231,VC2_lPN (SMD),MBON-alpha3
19,74,-0.549231,VC2_lPN (SMD),MBON-gamma5beta'2a
20,50,-0.221538,KCg-m #1,KCab-c #5
20,74,0.556923,KCg-m #1,MBON-gamma5beta'2a
20,76,0.161538,KCg-m #1,MBON-gamma1pedc>alpha/beta
21,74,0.601538,KCg-m #2,MBON-gamma5beta'2a
22,29,-0.201538,KCg-m #3,KCg-m #10
22,47,-0.238462,KCg-m #3,KCab-c #2
22,49,-0.196923,KCg-m #3,KCab-c #4
22,74,0.495385,KCg-m #3,MBON-gamma5beta'2a
22,75,0.121538,KCg-m #3,MBON-gamma3
23,74,0.303077,KCg-m #4,MBON-gamma5beta'2a
23,76,0.135385,KCg-m #4,MBON-gamma1pedc>alpha/beta
24,20,-0.152308,KCg-m #5,KCg-m #1
24,45,-0.109231,KCg-m #5,KCa'b'-m #4
24,69,-0.149231,KCg-m #5,KCab-m #5
24,75,0.273846,KCg-m #5,MBON-gamma3
24,76,0.092308,KCg-m #5,MBON-gamma1pedc>alpha/beta
25,61,-0.226154,KCg-m #6,KCab-s #10
25,75,0.164615,KCg-m #6,MBON-gamma3
26,74,0.538462,KCg-m #7,MBON-gamma5beta'2a
27,74,0.752308,KCg-m #8,MBON-gamma5beta'2a
27,75,0.116923,KCg-m #8,MBON-gamma3
27,76,0.298462,KCg-m #8,MBON-gamma1pedc>alpha/beta
28,74,0.506154,KCg-m #9,MBON-gamma5beta'2a
29,34,-0.063077,KCg-m #10,KCg-d #1
29,42,-0.176923,KCg-m #10,KCa'b'-m #1
29,74,0.369231,KCg-m #10,MBON-gamma5beta'2a
29,76,0.227692,KCg-m #10,MBON-gamma1pedc>alpha/beta
30,47,-0.224615,KCg-m #11,KCab-c #2
30,74,0.663077,KCg-m #11,MBON-gamma5beta'2a
31,51,-0.073846,KCg-m #12,KCab-c #6
31,74,0.504615,KCg-m #12,MBON-gamma5beta'2a
31,75,0.289231,KCg-m #12,MBON-gamma3
31,76,0.109231,KCg-m #12,MBON-gamma1pedc>alpha/beta
33,22,-0.149231,KCg-m #14,KCg-m #3
33,65,-0.127692,KCg-m #14,KCab-m #1
34,47,-0.158462,KCg-d #1,KCab-c #2
34,74,0.300000,KCg-d #1,MBON-gamma5beta'2a
34,76,0.281538,KCg-d #1,MBON-gamma1pedc>alpha/beta
35,74,0.650769,KCg-d #2,MBON-gamma5beta'2a
35,75,0.130769,KCg-d #2,MBON-gamma3
35,76,0.153846,KCg-d #2,MBON-gamma1pedc>alpha/beta
36,34,-0.227692,KCg-d #3,KCg-d #1
36,74,0.707692,KCg-d #3,MBON-gamma5beta'2a
36,76,0.166154,KCg-d #3,MBON-gamma1pedc>alpha/beta
37,74,0.469231,KCa'b'-ap1 #1,MBON-gamma5beta'2a
38,74,0.523077,KCa'b'-ap1 #2,MBON-gamma5beta'2a
39,20,-0.204615,KCa'b'-ap2 #1,KCg-m #1
39,42,-0.444615,KCa'b'-ap2 #1,KCa'b'-m #1
39,74,0.632308,KCa'b'-ap2 #1,MBON-gamma5beta'2a
41,74,0.624615,KCa'b'-ap2 #3,MBON-gamma5beta'2a
42,74,0.295385,KCa'b'-m #1,MBON-gamma5beta'2a
43,74,0.744615,KCa'b'-m #2,MBON-gamma5beta'2a
44,26,-0.186154,KCa'b'-m #3,KCg-m #7
44,74,0.553846,KCa'b'-m #3,MBON-gamma5beta'2a
45,41,-0.240000,KCa'b'-m #4,KCa'b'-ap2 #3
46,34,-0.126154,KCab-c #1,KCg-d #1
46,73,0.673846,KCab-c #1,MBON-alpha3
46,76,0.267692,KCab-c #1,MBON-gamma1pedc>alpha/beta
47,73,0.561538,KCab-c #2,MBON-alpha3
48,73,0.256923,KCab-c #3,MBON-alpha3
49,73,0.733846,KCab-c #4,MBON-alpha3
49,76,0.280000,KCab-c #4,MBON-gamma1pedc>alpha/beta
50,21,-0.149231,KCab-c #5,KCg-m #2
50,73,0.456923,KCab-c #5,MBON-alpha3
51,31,-0.073846,KCab-c #6,KCg-m #12
51,54,-0.147692,KCab-c #6,KCab-s #3
51,73,0.721538,KCab-c #6,MBON-alpha3
53,73,0.764615,KCab-s #2,MBON-alpha3
55,62,-0.112308,KCab-s #4,KCab-s #11
55,73,0.478462,KCab-s #4,MBON-alpha3
56,39,-0.243077,KCab-s #5,KCa'b'-ap2 #1
56,73,0.247692,KCab-s #5,MBON-alpha3
57,76,0.098462,KCab-s #6,MBON-gamma1pedc>alpha/beta
58,53,-0.096923,KCab-s #7,KCab-s #2
59,36,-0.203077,KCab-s #8,KCg-d #3
59,50,-0.130769,KCab-s #8,KCab-c #5
59,73,0.372308,KCab-s #8,MBON-alpha3
60,27,-0.200000,KCab-s #9,KCg-m #8
60,39,-0.196923,KCab-s #9,KCa'b'-ap2 #1
60,73,0.395385,KCab-s #9,MBON-alpha3
60,76,0.096923,KCab-s #9,MBON-gamma1pedc>alpha/beta
61,73,0.470769,KCab-s #10,MBON-alpha3
62,35,-0.213846,KCab-s #11,KCg-d #2
62,73,0.363077,KCab-s #11,MBON-alpha3
63,33,-0.175385,KCab-p #1,KCg-m #14
63,52,-0.212308,KCab-p #1,KCab-s #1
63,73,0.624615,KCab-p #1,MBON-alpha3
63,76,0.290769,KCab-p #1,MBON-gamma1pedc>alpha/beta
64,73,0.792308,KCab-p #2,MBON-alpha3
65,45,-0.233846,KCab-m #1,KCa'b'-m #4
65,73,0.696923,KCab-m #1,MBON-alpha3
66,26,-0.166154,KCab-m #2,KCg-m #7
66,68,-0.233846,KCab-m #2,KCab-m #4
66,73,0.603077,KCab-m #2,MBON-alpha3
66,76,0.252308,KCab-m #2,MBON-gamma1pedc>alpha/beta
67,73,0.346154,KCab-m #3,MBON-alpha3
68,73,0.380000,KCab-m #4,MBON-alpha3
69,39,-0.087692,KCab-m #5,KCa'b'-ap2 #1
69,73,0.369231,KCab-m #5,MBON-alpha3
70,73,0.884615,PAM cluster,MBON-alpha3
70,74,-0.269231,PAM cluster,MBON-gamma5beta'2a
70,76,0.423077,PAM cluster,MBON-gamma1pedc>alpha/beta
71,73,-0.346154,PPL1 cluster,MBON-alpha3
71,74,0.884615,PPL1 cluster,MBON-gamma5beta'2a
71,76,0.192308,PPL1 cluster,MBON-gamma1pedc>alpha/beta
72,73,-0.423077,OA-VUMa2,MBON-alpha3
72,74,-0.423077,OA-VUMa2,MBON-gamma5beta'2a
72,75,1.000000,OA-VUMa2,MBON-gamma3
72,76,-0.307692,OA-VUMa2,MBON-gamma1pedc>alpha/beta
73,77,0.961538,MBON-alpha3,LH approach output
73,78,-0.346154,MBON-alpha3,LH avoidance output
74,77,-0.346154,MBON-gamma5beta'2a,LH approach output
74,78,0.961538,MBON-gamma5beta'2a,LH avoidance output
75,77,-0.230769,MBON-gamma3,LH approach output
75,78,-0.230769,MBON-gamma3,LH avoidance output
75,79,0.615385,MBON-gamma3,LH local interneurons
76,77,0.192308,MBON-gamma1pedc>alpha/beta,LH approach output
76,78,0.192308,MBON-gamma1pedc>alpha/beta,LH avoidance output
77,78,-0.307692,LH approach output,LH avoidance output
77,79,-0.115385,LH approach output,LH local interneurons
78,77,-0.307692,LH avoidance output,LH approach output
78,79,-0.115385,LH avoidance output,LH local interneurons
